episode,reward,cost_per_order
0,-933.4330000000001,0
1,-489.78200000000015,0
2,-188.5789999999998,0
3,-890.706,0
4,-591.654,0
5,-160.11699999999996,0
6,-42.8450000000001,0
7,47.80600000000004,0
8,-190.911,0
9,-72.40300000000002,0
10,-126.93899999999994,0
11,-165.5520000000001,0
12,-319.15099999999984,0
13,-123.16200000000009,0
14,-142.78399999999988,0
15,-172.6430000000001,0
16,-217.973,0
17,-55.50700000000007,0
18,-144.88599999999997,0
19,-571.9419999999999,0
20,-144.74900000000002,0
21,-25.250999999999767,0
22,-430.1050000000004,0
23,-155.91999999999996,0
24,-695.0429999999998,0
25,-169.44199999999998,0
26,-33.135000000000105,0
27,-323.205,0
28,-258.33899999999994,0
29,-124.32899999999982,0
30,-296.07399999999984,0
31,-211.35100000000023,0
32,-176.05499999999998,0
33,-354.6600000000001,0
34,-199.18900000000008,0
35,-125.67899999999997,0
36,-490.19700000000034,0
37,-828.9179999999982,0
38,-418.2250000000002,0
39,-714.8900000000003,0
40,-363.789,0
41,-712.6009999999995,0
42,-160.90100000000004,0
43,-1023.4630000000003,0
44,-235.75599999999986,0
45,-1043.1909999999973,0
46,-245.50600000000009,0
47,-1018.8499999999985,0
48,-1418.3959999999986,0
49,-147.84999999999994,0
50,-980.5479999999988,0
51,-447.69800000000004,0
52,-1503.1989999999985,0
53,-190.49899999999985,0
54,-660.7780000000007,0
55,-620.436000000001,0
56,-110.80900000000008,0
57,-390.41499999999985,0
58,-336.695,0
59,-326.836,0
60,-932.8279999999993,0
61,-40.483999999999995,0
62,-420.32700000000034,0
63,-217.01199999999986,0
64,-409.1230000000001,0
65,-1141.2029999999982,0
66,-1464.3889999999994,0
67,-253.3190000000003,0
68,-990.2339999999981,0
69,-740.3939999999999,0
70,-1067.5809999999992,0
71,-137.1879999999999,0
72,-799.7719999999991,0
73,-162.53899999999967,0
74,-837.6559999999997,0
75,-1030.1209999999999,0
76,-747.5079999999996,0
77,-619.5220000000002,0
78,-458.057,0
79,-933.7359999999976,0
80,-331.54999999999984,0
81,-984.6899999999999,0
82,-716.0529999999985,0
83,-581.7689999999998,0
84,-603.1570000000008,0
85,-444.9889999999998,0
86,-137.83399999999935,0
87,-972.8269999999977,0
88,-525.1599999999994,0
89,-531.5630000000002,0
90,-1130.8449999999975,0
91,-786.2049999999981,0
92,-730.5669999999999,0
93,-1201.318999999996,0
94,-1073.1939999999981,0
95,-352.4519999999997,0
96,123.31000000000033,0
97,-338.3030000000001,0
98,-58.62599999999987,0
99,-1769.6159999999977,0
100,-234.5099999999995,0
101,-658.8950000000001,0
102,-771.9469999999999,0
103,-272.4929999999993,0
104,-876.1059999999998,0
105,-349.7350000000002,0
106,-818.1129999999984,0
107,-849.7860000000002,0
108,-775.0349999999997,0
109,-727.055,0
110,-554.8250000000002,0
111,-357.05000000000007,0
112,-465.4700000000005,0
113,-937.1279999999991,0
114,-777.66,0
115,-502.0549999999996,0
116,-233.22299999999981,0
117,-925.289,0
118,-488.4220000000002,0
119,-507.50200000000046,0
120,-754.3160000000001,0
121,-673.5799999999997,0
122,-1092.173,0
123,-297.805,0
124,-1194.303,0
125,-1064.3119999999983,0
126,59.66500000000015,0
127,-1067.1789999999994,0
128,-1383.1169999999986,0
129,-1165.9549999999997,0
130,-565.748,0
131,-195.3299999999999,0
132,-1112.8139999999976,0
133,-821.7600000000003,0
134,-580.6390000000006,0
135,-710.3910000000003,0
136,-746.1159999999987,0
137,-268.87000000000006,0
138,-868.8809999999996,0
139,-1372.9029999999966,0
140,-230.8199999999998,0
141,-1432.2369999999999,0
142,-134.47700000000094,0
143,-1082.0199999999995,0
144,-1160.5989999999993,0
145,-1059.0589999999997,0
146,-533.8519999999993,0
147,-477.7650000000004,0
148,-953.2439999999992,0
149,-736.3249999999999,0
150,-1040.3379999999997,0
151,-1366.6689999999987,0
152,-1489.0639999999973,0
153,-955.2539999999987,0
154,-343.17600000000016,0
155,-644.5329999999998,0
156,-960.2099999999996,0
157,-1367.9829999999963,0
158,-651.2139999999999,0
159,-1136.6009999999972,0
160,-585.0949999999993,0
161,-952.8879999999981,0
162,-810.0449999999993,0
163,-433.9419999999998,0
164,-918.3789999999998,0
165,-1059.0159999999967,0
166,-420.55899999999957,0
167,76.46200000000066,0
168,-541.5670000000001,0
169,-198.05500000000015,0
170,-334.75800000000015,0
171,-766.9140000000002,0
172,-1167.186999999999,0
173,-579.7940000000001,0
174,233.51300000000037,0
175,54.776000000000565,0
176,-675.2090000000004,0
177,-329.347,0
178,-416.1110000000002,0
179,-224.2989999999998,0
180,-430.23299999999995,0
181,-715.6589999999999,0
182,-735.0140000000015,0
183,-537.1639999999994,0
184,-348.23400000000004,0
185,-822.2399999999992,0
186,-144.60200000000003,0
187,-1038.0709999999979,0
188,-115.50300000000024,0
189,-1044.4649999999986,0
190,-451.5449999999995,0
191,-80.25599999999949,0
192,-578.7419999999998,0
193,-525.8180000000001,0
194,-484.2019999999995,0
195,-651.22,0
196,-107.19499999999992,0
197,-1162.383999999998,0
198,-402.0239999999998,0
199,-494.2239999999998,0
200,-437.4479999999997,0
201,-381.2369999999997,0
202,-337.1930000000001,0
203,-282.13,0
204,-571.3359999999994,0
205,-453.462,0
206,-91.47299999999987,0
207,82.51400000000001,0
208,-834.0910000000003,0
209,-761.1169999999998,0
210,-238.81399999999994,0
211,-963.6110000000001,0
212,-564.2069999999999,0
213,-227.6259999999991,0
214,-458.0219999999997,0
215,-438.73400000000015,0
216,-807.5679999999978,0
217,-168.85199999999955,0
218,64.72900000000038,0
219,-594.2850000000003,0
220,-529.394,0
221,-723.0699999999988,0
222,-275.597,0
223,-789.8949999999987,0
224,-395.57600000000014,0
225,-773.8259999999983,0
226,-1118.8209999999972,0
227,-1122.453999999998,0
228,-153.79399999999973,0
229,-459.03499999999985,0
230,-230.239,0
231,-155.9839999999997,0
232,115.65800000000058,0
233,-129.62800000000001,0
234,-643.5770000000001,0
235,-202.86499999999938,0
236,-931.7759999999984,0
237,-1100.058999999996,0
238,-208.38699999999974,0
239,-754.3239999999984,0
240,-656.1489999999991,0
241,-766.5400000000001,0
242,-470.939,0
243,-1017.8739999999984,0
244,-379.89999999999975,0
245,-871.0940000000003,0
246,-1017.9559999999974,0
247,-1068.7189999999978,0
248,-1316.5969999999963,0
249,-689.7579999999992,0
250,-989.0919999999956,0
251,-892.2489999999982,0
252,-1318.3819999999973,0
253,-1773.0389999999975,0
254,-911.2899999999992,0
255,-453.34399999999965,0
256,-1280.4819999999975,0
257,-423.50300000000016,0
258,-446.54500000000024,0
259,-1315.9399999999978,0
260,-1344.1629999999973,0
261,-1012.6449999999978,0
262,-1012.2039999999972,0
263,-763.6140000000015,0
264,-688.6849999999978,0
265,-303.4979999999999,0
266,-1063.5749999999991,0
267,-901.7399999999989,0
268,-327.2439999999994,0
269,-696.1419999999995,0
270,-1026.2249999999983,0
271,-366.92799999999954,0
272,-678.1989999999995,0
273,-929.4979999999987,0
274,-364.89200000000005,0
275,-444.43599999999964,0
276,-569.8349999999999,0
277,-496.7730000000001,0
278,-1282.8359999999982,0
279,-572.7020000000002,0
280,-1149.5409999999983,0
281,-1146.77,0
282,-1033.8779999999995,0
283,-414.116,0
284,-1081.7879999999977,0
285,-685.7049999999998,0
286,-1384.2259999999978,0
287,-202.38800000000006,0
288,-440.731,0
289,-860.7439999999996,0
290,-294.7900000000001,0
291,-685.496,0
292,-805.8149999999996,0
293,-939.9219999999996,0
294,-462.0099999999998,0
295,-262.1330000000001,0
296,-746.8569999999992,0
297,-672.7270000000002,0
298,-677.1249999999993,0
299,-987.5919999999983,0
300,-370.2839999999997,0
301,-740.2849999999996,0
302,-865.3019999999984,0
303,-1325.9259999999997,0
304,-1042.550999999998,0
305,-921.6699999999994,0
306,-1194.3179999999968,0
307,-697.4229999999993,0
308,-725.3729999999997,0
309,-499.67600000000016,0
310,-694.9330000000006,0
311,-1123.905999999998,0
312,-421.591,0
313,-629.621,0
314,-649.2650000000003,0
315,-254.88600000000017,0
316,-148.969,0
317,-462.97300000000007,0
318,-400.4259999999999,0
319,-811.5819999999992,0
320,-1227.8649999999996,0
321,-939.3639999999973,0
322,-592.3600000000001,0
323,-959.425999999999,0
324,-778.3789999999995,0
325,-856.5729999999985,0
326,-763.8659999999984,0
327,-909.9839999999991,0
328,-1244.6299999999992,0
329,-290.3320000000001,0
330,-418.012,0
331,-469.5420000000008,0
332,-1221.4249999999984,0
333,-1049.787999999998,0
334,-93.72899999999993,0
335,-316.38600000000025,0
336,-343.9309999999998,0
337,-676.3249999999992,0
338,-653.0099999999993,0
339,-614.3290000000003,0
340,-563.504,0
341,-392.92099999999965,0
342,-574.9980000000003,0
343,-701.3790000000006,0
344,-784.5859999999999,0
345,-457.93399999999974,0
346,-1281.8819999999967,0
347,-503.10499999999956,0
348,-1091.263,0
349,-1012.18,0
350,-240.47700000000023,0
351,-846.9069999999996,0
352,-371.70200000000006,0
353,-597.6460000000003,0
354,-971.5570000000001,0
355,-785.1199999999983,0
356,-854.2499999999992,0
357,-62.627999999999915,0
358,-1067.3219999999978,0
359,-210.5209999999998,0
360,-393.8639999999996,0
361,-122.64600000000009,0
362,-289.2549999999999,0
363,-514.9930000000002,0
364,244.54300000000012,0
365,151.3740000000002,0
366,-919.7979999999997,0
367,-691.403,0
368,-351.67300000000006,0
369,-1088.781999999997,0
370,-402.8819999999994,0
371,-573.4479999999993,0
372,-925.9099999999974,0
373,-559.4629999999999,0
374,-808.4040000000002,0
375,-999.2429999999978,0
376,-848.4039999999986,0
377,-464.0099999999997,0
378,-492.099,0
379,-724.0689999999997,0
380,-1096.9379999999971,0
381,-32.5339999999999,0
382,-625.0439999999991,0
383,-832.8310000000001,0
384,-668.5420000000013,0
385,-801.8699999999999,0
386,-532.4779999999993,0
387,-700.1119999999996,0
388,-219.69199999999944,0
389,-909.9929999999995,0
390,-484.04699999999985,0
391,-443.0709999999999,0
392,-941.2459999999992,0
393,-489.932,0
394,-945.2579999999994,0
395,-484.33799999999985,0
396,-106.1660000000001,0
397,-439.9189999999995,0
398,-1042.5429999999985,0
399,179.59500000000068,0
400,-502.48399999999987,0
401,-465.7850000000004,0
402,-508.51700000000005,0
403,-16.981999999999793,0
404,-721.7459999999993,0
405,-399.0429999999996,0
406,-573.2880000000004,0
407,-341.55400000000003,0
408,-685.8680000000007,0
409,-406.8470000000004,0
410,14.671000000000399,0
411,-290.6490000000001,0
412,-579.1699999999998,0
413,-916.1530000000002,0
414,-1055.923999999998,0
415,-586.5279999999993,0
416,17.41399999999999,0
417,-484.27200000000016,0
418,-816.0770000000011,0
419,-564.0919999999999,0
420,-614.1709999999999,0
421,-619.5919999999996,0
422,-492.1070000000001,0
423,-819.179,0
424,-369.5059999999988,0
425,-679.7080000000001,0
426,-450.92199999999985,0
427,-765.2849999999976,0
428,-1334.737999999996,0
429,-60.51299999999948,0
430,35.29100000000055,0
431,-277.4879999999997,0
432,-680.7599999999992,0
433,-223.18999999999994,0
434,-363.27899999999994,0
435,-833.894999999998,0
436,-726.4480000000002,0
437,-435.3660000000001,0
438,-364.16700000000026,0
439,-890.504999999998,0
440,-218.2160000000001,0
441,-1197.952999999997,0
442,-379.594,0
443,-1061.0749999999987,0
444,-390.75300000000004,0
445,-882.4129999999992,0
446,-1278.3299999999958,0
447,-807.9099999999994,0
448,-747.4379999999987,0
449,-542.9699999999998,0
450,-1255.1689999999955,0
451,-770.8329999999999,0
452,-543.3179999999999,0
453,-716.1209999999999,0
454,-1178.7659999999971,0
455,-815.0509999999986,0
456,-1022.090999999999,0
457,-594.1479999999997,0
458,-719.3569999999983,0
459,-961.3669999999997,0
460,-665.209,0
461,-473.5890000000001,0
462,-638.1300000000002,0
463,-1491.2169999999956,0
464,-910.073000000001,0
465,-282.91699999999963,0
466,-715.106,0
467,-626.7670000000003,0
468,-1128.927999999997,0
469,-281.1039999999997,0
470,-737.1180000000005,0
471,-861.9319999999992,0
472,-618.5759999999996,0
473,-704.2850000000004,0
474,-604.7019999999995,0
475,-1095.3739999999993,0
476,-734.3679999999986,0
477,-1005.2540000000014,0
478,67.82599999999968,0
479,-584.9429999999998,0
480,-185.56000000000012,0
481,168.68100000000032,0
482,-425.35100000000017,0
483,-422.83599999999973,0
484,-667.892,0
485,-607.7719999999996,0
486,-290.3280000000001,0
487,-196.5029999999995,0
488,300.63299999999964,0
489,-112.13800000000032,0
490,-381.6299999999999,0
491,-1269.0729999999983,0
492,-353.5159999999991,0
493,-615.3449999999993,0
494,-400.0829999999999,0
495,-612.6869999999998,0
496,11.144000000000403,0
497,-1274.3289999999954,0
498,-307.78100000000006,0
499,-499.52700000000027,0
500,-404.076,0
501,262.4990000000003,0
502,-86.98299999999986,0
503,-274.11700000000025,0
504,-502.4180000000001,0
505,-143.93299999999957,0
506,27.578999999999887,0
507,-645.9959999999987,0
508,-428.73699999999945,0
509,-651.3499999999991,0
510,-821.9089999999983,0
511,-86.20199999999969,0
512,-526.3169999999997,0
513,427.6830000000004,0
514,-727.3759999999991,0
515,-610.54,0
516,-251.48399999999975,0
517,-127.57100000000011,0
518,191.5550000000004,0
519,-199.1469999999997,0
520,-440.2929999999998,0
521,324.04199999999946,0
522,329.1730000000003,0
523,69.92400000000062,0
524,-123.19299999999996,0
525,-707.3339999999996,0
526,-200.25599999999974,0
527,202.9519999999997,0
528,-327.64600000000036,0
529,-426.5930000000003,0
530,-327.1789999999999,0
531,-154.5629999999995,0
532,-399.2749999999997,0
533,-1.6729999999995668,0
534,-1086.5529999999994,0
535,-979.0549999999979,0
536,-390.9829999999995,0
537,-516.6160000000004,0
538,-891.4989999999988,0
539,-1240.7249999999967,0
540,-937.429999999998,0
541,-451.17100000000016,0
542,-523.9739999999998,0
543,101.70300000000056,0
544,-567.8539999999996,0
545,-354.38899999999995,0
546,-564.6609999999997,0
547,-926.5550000000015,0
548,-372.2399999999995,0
549,-86.35399999999986,0
550,-350.04600000000033,0
551,-598.3140000000002,0
552,-53.71799999999994,0
553,-476.5549999999999,0
554,-1168.9939999999979,0
555,-832.5019999999993,0
556,-580.8609999999998,0
557,-81.38899999999997,0
558,-306.80499999999995,0
559,-783.0199999999984,0
560,-1063.491999999999,0
561,-283.9490000000001,0
562,-163.44599999999988,0
563,-292.4179999999999,0
564,-291.02700000000016,0
565,-671.3789999999992,0
566,288.97099999999983,0
567,-173.48100000000008,0
568,-576.6490000000008,0
569,361.24000000000035,0
570,14.154000000000144,0
571,329.96300000000053,0
572,111.09700000000001,0
573,296.1110000000003,0
574,-857.4309999999989,0
575,-726.7209999999989,0
576,-3.1500000000000523,0
577,-294.9469999999996,0
578,-204.1890000000001,0
579,-47.69400000000031,0
580,-512.0780000000002,0
581,243.873,0
582,705.246999999998,0
583,-274.493,0
584,-940.1679999999981,0
585,-78.04499999999989,0
586,544.0429999999991,0
587,12.1870000000001,0
588,-914.7150000000005,0
589,230.386,0
590,128.60600000000036,0
591,-766.0019999999996,0
592,-638.9079999999992,0
593,-317.1720000000001,0
594,-204.59599999999995,0
595,-320.355,0
596,-1026.4929999999997,0
597,-1217.0769999999968,0
598,-650.1480000000001,0
599,-337.8499999999998,0
600,-689.659,0
601,-640.599,0
602,-638.641,0
603,158.82999999999984,0
604,-737.8160000000001,0
605,-218.85400000000007,0
606,-481.6980000000003,0
607,6.2230000000005425,0
608,-509.0809999999998,0
609,-75.22899999999952,0
610,-966.0999999999974,0
611,-176.67799999999974,0
612,-107.54599999999988,0
613,-363.38,0
614,283.9009999999987,0
615,-350.7409999999998,0
616,-265.92600000000033,0
617,-6.984999999999962,0
618,-593.7740000000001,0
619,207.55199999999974,0
620,-546.1390000000001,0
621,-634.2549999999994,0
622,-262.6779999999999,0
623,323.11200000000065,0
624,-881.0719999999995,0
625,-96.50300000000016,0
626,-426.4210000000005,0
627,481.74999999999994,0
628,130.99200000000002,0
629,-75.49199999999976,0
630,-1091.435999999997,0
631,-435.2959999999997,0
632,-434.01399999999967,0
633,25.53900000000005,0
634,-130.1450000000002,0
635,-493.54800000000006,0
636,359.2960000000003,0
637,246.09499999999977,0
638,477.6040000000004,0
639,18.480999999999728,0
640,-63.08,0
641,350.1010000000005,0
642,-333.96899999999977,0
643,-50.052000000000504,0
644,118.12899999999968,0
645,104.46499999999976,0
646,-76.76699999999983,0
647,-601.0839999999998,0
648,-226.31999999999996,0
649,-24.707000000000043,0
650,-417.3229999999998,0
651,-594.822,0
652,-97.53799999999991,0
653,229.23300000000026,0
654,322.706,0
655,-399.2269999999997,0
656,-1010.9980000000004,0
657,-419.0129999999998,0
658,-566.3260000000004,0
659,-445.38300000000044,0
660,-18.253000000000355,0
661,-113.6159999999999,0
662,-192.76500000000007,0
663,-305.4720000000003,0
664,-471.0719999999999,0
665,-775.243999999999,0
666,-118.54399999999967,0
667,-173.17499999999995,0
668,93.34200000000016,0
669,-114.07600000000018,0
670,-579.3109999999997,0
671,-204.423,0
672,-295.58100000000013,0
673,-1191.9149999999954,0
674,-393.93899999999985,0
675,-479.6149999999999,0
676,-169.45400000000004,0
677,-120.724,0
678,-302.534,0
679,-245.6320000000001,0
680,-169.69200000000018,0
681,-505.2639999999992,0
682,244.43700000000072,0
683,-622.6410000000001,0
684,-578.3989999999997,0
685,-499.1129999999999,0
686,-543.3439999999998,0
687,-514.6279999999999,0
688,-381.8620000000003,0
689,-251.03999999999994,0
690,-190.825,0
691,-258.2009999999995,0
692,-883.9919999999986,0
693,-212.97000000000034,0
694,-1458.0219999999958,0
695,161.6059999999997,0
696,-371.6279999999995,0
697,-246.04200000000023,0
698,-273.64799999999985,0
699,-320.4329999999998,0
700,-667.23,0
701,-739.9149999999994,0
702,-928.1639999999987,0
703,-196.2280000000002,0
704,-289.03200000000004,0
705,-247.1289999999998,0
706,-467.29699999999985,0
707,-772.3749999999998,0
708,-396.86899999999963,0
709,-734.4029999999998,0
710,-658.4960000000001,0
711,-988.9669999999988,0
712,-775.9619999999993,0
713,-1011.8839999999985,0
714,-773.5029999999994,0
715,-622.976999999998,0
716,-304.33499999999975,0
717,-1041.7869999999991,0
718,-509.11600000000004,0
719,-1040.930999999999,0
720,-1021.0759999999988,0
721,-380.9570000000001,0
722,-734.0539999999992,0
723,-572.6399999999996,0
724,-535.3830000000003,0
725,-652.7459999999994,0
726,-70.32999999999986,0
727,-470.3930000000002,0
728,-30.740999999999712,0
729,-817.7949999999998,0
730,-755.1569999999994,0
731,-275.5069999999997,0
732,-744.079,0
733,-656.0440000000003,0
734,-1009.6389999999992,0
735,-383.453,0
736,544.5749999999985,0
737,-158.1460000000001,0
738,-327.925,0
739,32.270000000000465,0
740,175.46799999999996,0
741,-39.67199999999976,0
742,-813.8650000000002,0
743,-310.67600000000016,0
744,-568.5940000000002,0
745,-848.9950000000014,0
746,-23.91299999999997,0
747,-39.16699999999998,0
748,-576.9469999999994,0
749,-195.1819999999999,0
750,-178.10299999999984,0
751,-272.55299999999994,0
752,-233.52600000000004,0
753,320.1950000000002,0
754,-464.1770000000003,0
755,-351.6909999999999,0
756,-244.3409999999997,0
757,-906.424000000001,0
758,-330.02599999999984,0
759,339.1520000000001,0
760,-124.46600000000021,0
761,256.6490000000009,0
762,57.60800000000009,0
763,-169.6869999999993,0
764,223.5330000000003,0
765,-821.7789999999989,0
766,-444.0340000000003,0
767,-1198.9459999999956,0
768,-778.0769999999997,0
769,-617.647,0
770,-1253.2479999999973,0
771,-412.05800000000005,0
772,-285.3410000000002,0
773,-1040.8029999999997,0
774,-1271.4429999999966,0
775,-1009.138999999999,0
776,-1058.1839999999986,0
777,-746.1389999999997,0
778,-1239.5329999999963,0
779,-758.2189999999985,0
780,-1345.0889999999993,0
781,-824.7609999999991,0
782,-634.6889999999999,0
783,-1488.6109999999962,0
784,-1389.996999999998,0
785,-666.6110000000001,0
786,-834.8289999999989,0
787,-969.7929999999988,0
788,-854.8499999999997,0
789,-1162.3579999999988,0
790,-1282.653999999998,0
791,-22.152999999999444,0
792,-571.9889999999998,0
793,-228.73000000000008,0
794,-442.30199999999957,0
795,-381.06699999999995,0
796,-1289.2969999999984,0
797,-982.6859999999999,0
798,152.94300000000052,0
799,-623.0720000000009,0
800,-515.5340000000001,0
801,122.05700000000068,0
802,-443.97000000000054,0
803,-1001.8360000000002,0
804,-744.222000000001,0
805,-471.36600000000027,0
806,-475.86800000000005,0
807,-920.9099999999985,0
808,-1039.9089999999965,0
809,-183.25200000000012,0
810,-88.12099999999947,0
811,-1022.0429999999981,0
812,145.0250000000009,0
813,-435.1099999999997,0
814,-569.1399999999999,0
815,-711.4620000000003,0
816,-672.0819999999998,0
817,-117.39100000000003,0
818,-194.5550000000002,0
819,-97.71000000000025,0
820,-144.76500000000013,0
821,-626.3529999999997,0
822,-214.78899999999973,0
823,661.7809999999985,0
824,-14.06100000000029,0
825,-418.7210000000002,0
826,-589.3999999999996,0
827,-142.6869999999998,0
828,-1154.1249999999982,0
829,-124.63200000000033,0
830,-621.5929999999998,0
831,625.8749999999992,0
832,-285.93999999999977,0
833,-15.062999999999914,0
834,-12.810000000000061,0
835,-614.0500000000002,0
836,-1527.9549999999956,0
837,-431.25399999999945,0
838,67.27900000000051,0
839,-455.7179999999999,0
840,-1117.127999999998,0
841,-839.2419999999985,0
842,-53.15299999999989,0
843,-708.667,0
844,-563.2839999999994,0
845,-691.5419999999992,0
846,-643.4359999999998,0
847,-120.27600000000018,0
848,-744.9500000000015,0
849,26.359000000000734,0
850,-178.52199999999968,0
851,-481.49999999999966,0
852,-111.15099999999991,0
853,-397.75700000000006,0
854,-729.7450000000003,0
855,-657.8209999999992,0
856,-80.13500000000002,0
857,-481.0649999999993,0
858,-126.95700000000005,0
859,-490.99600000000015,0
860,-134.63200000000023,0
861,-515.4760000000005,0
862,-330.6549999999999,0
863,-467.67399999999964,0
864,-825.3919999999989,0
865,18.975000000000257,0
866,-34.13500000000007,0
867,46.54400000000025,0
868,-116.71200000000006,0
869,-112.72399999999989,0
870,-742.8419999999987,0
871,-521.85,0
872,-758.5469999999962,0
873,-554.424,0
874,-1320.2909999999983,0
875,-109.97699999999972,0
876,-887.399999999998,0
877,-240.328,0
878,-466.22799999999955,0
879,-1246.7679999999968,0
880,-409.6940000000002,0
881,-138.45900000000006,0
882,-67.56100000000013,0
883,335.73800000000045,0
884,-825.1110000000001,0
885,-551.125,0
886,-29.148999999999972,0
887,-716.3990000000001,0
888,-901.8510000000005,0
889,-1181.9519999999975,0
890,-533.723,0
891,-652.4279999999998,0
892,-183.15199999999953,0
893,-997.7119999999986,0
894,-538.7120000000003,0
895,-775.3009999999997,0
896,-1118.6739999999988,0
897,-959.701999999995,0
898,-552.4050000000005,0
899,-455.28100000000046,0
900,-532.0690000000001,0
901,-849.1099999999983,0
902,-1085.1849999999988,0
903,-816.9109999999997,0
904,-1005.0539999999984,0
905,-1677.4849999999954,0
906,-780.7619999999986,0
907,-385.05300000000005,0
908,-917.3650000000001,0
909,-1118.1929999999973,0
910,-745.4489999999992,0
911,-805.1190000000008,0
912,-509.4229999999998,0
913,-454.3170000000002,0
914,-169.83599999999882,0
915,-675.2749999999993,0
916,-775.6049999999999,0
917,-813.1769999999992,0
918,-920.2759999999988,0
919,-1202.7449999999992,0
920,-1007.6879999999989,0
921,-521.3420000000001,0
922,-786.9689999999994,0
923,-369.02399999999983,0
924,-500.16500000000025,0
925,-20.25200000000008,0
926,-961.773999999999,0
927,38.98600000000018,0
928,-90.90499999999913,0
929,-857.9409999999989,0
930,-829.2619999999976,0
931,-1074.2799999999972,0
932,-507.8630000000005,0
933,-198.27100000000004,0
934,-272.3210000000002,0
935,-1085.2919999999988,0
936,-408.80199999999985,0
937,-770.1519999999989,0
938,-394.04000000000013,0
939,-666.1779999999991,0
940,-938.7049999999978,0
941,-295.75900000000007,0
942,-405.8669999999997,0
943,-837.5569999999987,0
944,-279.6920000000002,0
945,-337.13199999999983,0
946,-1054.0909999999988,0
947,-1056.2379999999969,0
948,151.683,0
949,-1267.4999999999993,0
950,-933.7180000000001,0
951,-1154.8299999999995,0
952,-745.0419999999995,0
953,-287.9360000000003,0
954,-412.09900000000033,0
955,-826.8619999999984,0
956,-100.34600000000023,0
957,-440.282,0
958,-719.9979999999995,0
959,-392.34900000000016,0
960,-129.72299999999996,0
961,-606.166,0
962,-614.5009999999994,0
963,-5.467999999999673,0
964,-1067.123,0
965,-830.6739999999978,0
966,-271.9590000000001,0
967,-542.6510000000002,0
968,-535.0820000000003,0
969,-769.683000000001,0
970,-896.9789999999988,0
971,-1484.038999999992,0
972,-437.5650000000003,0
973,-695.2779999999998,0
974,-1002.175999999998,0
975,75.57700000000065,0
976,-1084.7739999999988,0
977,-430.3149999999998,0
978,-1156.7659999999992,0
979,-64.35999999999967,0
980,-399.86799999999965,0
981,-697.9870000000005,0
982,-585.4189999999994,0
983,-75.21700000000024,0
984,-709.501999999999,0
985,-166.79300000000012,0
986,-793.8240000000001,0
987,-529.9780000000002,0
988,-107.3049999999999,0
989,-205.25099999999986,0
990,-963.5929999999972,0
991,-508.63299999999964,0
992,-436.66999999999996,0
993,-514.7519999999998,0
994,-665.8879999999999,0
995,-339.1890000000001,0
996,-271.69500000000005,0
997,-589.338,0
998,-1220.1579999999992,0
999,-349.4360000000001,0
1000,-662.7440000000006,0
1001,-516.934,0
1002,-169.43699999999995,0
1003,-1079.7280000000003,0
1004,-784.7089999999989,0
1005,-463.53199999999987,0
1006,-555.7549999999995,0
1007,-820.7849999999994,0
1008,-241.72200000000004,0
1009,-438.98300000000046,0
1010,-1344.6779999999972,0
1011,-685.9889999999996,0
1012,-710.3349999999999,0
1013,-953.5159999999994,0
1014,-669.3469999999993,0
1015,-1136.708999999998,0
1016,-2.5319999999999183,0
1017,-292.7090000000002,0
1018,-538.0430000000002,0
1019,-649.2429999999996,0
1020,-449.7029999999996,0
1021,-1399.5159999999942,0
1022,-777.5589999999988,0
1023,-1011.303999999999,0
1024,-1031.1999999999987,0
1025,-647.122000000001,0
1026,-1143.451999999996,0
1027,-566.8289999999995,0
1028,-1154.3399999999988,0
1029,-777.6729999999992,0
1030,-178.39500000000004,0
1031,-483.8429999999996,0
1032,-746.807,0
1033,-736.0560000000005,0
1034,-452.4390000000002,0
1035,-1058.8449999999987,0
1036,-666.3010000000002,0
1037,-917.8929999999973,0
1038,-387.2150000000001,0
1039,-1151.662999999999,0
1040,-911.9149999999989,0
1041,-933.2859999999991,0
1042,-751.2769999999998,0
1043,-203.08200000000005,0
1044,-525.6560000000002,0
1045,-1050.5780000000018,0
1046,-578.8919999999997,0
1047,-644.0069999999995,0
1048,-665.1830000000004,0
1049,-407.9689999999995,0
1050,176.45399999999978,0
1051,-798.5269999999965,0
1052,-527.6420000000002,0
1053,-142.92499999999936,0
1054,-621.4569999999985,0
1055,-187.21099999999998,0
1056,-853.3250000000002,0
1057,-383.2489999999999,0
1058,-878.808999999999,0
1059,-570.461,0
1060,-398.65499999999986,0
1061,-847.4099999999986,0
1062,-794.7829999999998,0
1063,-760.9509999999998,0
1064,-1138.2759999999996,0
1065,-423.20799999999974,0
1066,-1024.8289999999977,0
1067,86.53000000000115,0
1068,-398.3970000000003,0
1069,-499.6859999999999,0
1070,-1036.6959999999979,0
1071,-767.4959999999992,0
1072,-1351.6779999999974,0
1073,-1097.1829999999984,0
1074,-314.6049999999998,0
1075,-575.4869999999999,0
1076,-261.72499999999997,0
1077,-817.1,0
1078,-397.64799999999946,0
1079,-680.9519999999994,0
1080,-281.447,0
1081,-503.85900000000015,0
1082,-554.8009999999999,0
1083,-831.4490000000006,0
1084,-731.1740000000002,0
1085,-239.83600000000024,0
1086,-519.6520000000003,0
1087,335.5990000000004,0
1088,-1077.6450000000011,0
1089,-454.6219999999999,0
1090,-916.4689999999999,0
1091,-825.9639999999999,0
1092,-413.9689999999998,0
1093,-583.4499999999998,0
1094,-720.4229999999998,0
1095,-269.64199999999994,0
1096,-488.0520000000003,0
1097,-819.3570000000011,0
1098,-724.6760000000007,0
1099,-502.3620000000001,0
1100,-1067.433999999999,0
1101,-774.6830000000009,0
1102,-520.0889999999999,0
1103,96.09600000000026,0
1104,-1271.6379999999958,0
1105,-638.5189999999999,0
1106,-874.9830000000023,0
1107,-573.481999999999,0
1108,-605.3899999999999,0
1109,-253.22600000000014,0
1110,161.56400000000048,0
1111,-88.17500000000011,0
1112,-172.74000000000004,0
1113,-629.6179999999982,0
1114,-510.99999999999983,0
1115,126.82899999999958,0
1116,-203.47699999999958,0
1117,-364.24700000000007,0
1118,-703.7870000000015,0
1119,-292.8279999999998,0
1120,-838.2159999999992,0
1121,-144.37499999999997,0
1122,-596.875,0
1123,-82.43800000000017,0
1124,-894.5039999999999,0
1125,-902.6649999999993,0
1126,-585.9159999999999,0
1127,-537.346,0
1128,-270.5860000000001,0
1129,-703.0959999999999,0
1130,-739.8589999999991,0
1131,-940.9890000000022,0
1132,-723.7979999999994,0
1133,-1171.4169999999997,0
1134,-466.0549999999999,0
1135,-388.49199999999996,0
1136,-668.0920000000024,0
1137,-667.9849999999998,0
1138,-1096.2889999999982,0
1139,-949.1599999999997,0
1140,-688.9720000000028,0
1141,-554.7740000000002,0
1142,-799.4550000000019,0
1143,-487.3249999999997,0
1144,-786.822000000003,0
1145,-1015.9750000000006,0
1146,-773.4730000000014,0
1147,-729.6760000000021,0
1148,-921.1760000000004,0
1149,-659.231000000001,0
1150,-571.3399999999998,0
1151,-1024.6199999999988,0
1152,-386.80100000000056,0
1153,-443.0459999999996,0
1154,-677.8800000000006,0
1155,-399.1499999999998,0
1156,-399.3099999999995,0
1157,-644.9759999999998,0
1158,-413.5379999999998,0
1159,-862.7770000000016,0
1160,-577.6969999999997,0
1161,-381.43400000000014,0
1162,-853.8080000000017,0
1163,-983.3860000000018,0
1164,-906.4010000000014,0
1165,-416.77,0
1166,-715.9900000000016,0
1167,-474.79300000000023,0
1168,-713.304000000001,0
1169,-930.8970000000028,0
1170,-482.47300000000047,0
1171,-588.1850000000011,0
1172,-922.5220000000018,0
1173,-665.8009999999997,0
1174,-531.5530000000005,0
1175,-1050.7129999999988,0
1176,-924.6450000000013,0
1177,-287.56599999999975,0
1178,-863.9090000000025,0
1179,-765.5850000000014,0
1180,-601.5320000000008,0
1181,-377.28799999999984,0
1182,-1090.1469999999997,0
1183,-248.47999999999973,0
1184,-848.7460000000018,0
1185,-675.8400000000008,0
1186,-528.0979999999998,0
1187,-324.1719999999999,0
1188,-643.5389999999993,0
1189,-715.8870000000016,0
1190,-690.9880000000006,0
1191,-730.2140000000004,0
1192,-807.0100000000033,0
1193,-279.34100000000007,0
1194,-834.3659999999996,0
1195,-611.0039999999998,0
1196,-179.1519999999999,0
1197,-833.126000000001,0
1198,-606.4700000000001,0
1199,-132.50599999999986,0
1200,-774.9900000000015,0
1201,-797.7699999999998,0
1202,-763.0749999999998,0
1203,-1049.2489999999996,0
1204,-443.8800000000001,0
1205,-817.9169999999987,0
1206,-579.7370000000002,0
1207,-1307.1949999999997,0
1208,-742.186,0
1209,-485.9740000000001,0
1210,-166.78899999999996,0
1211,-820.8040000000003,0
1212,-970.0920000000002,0
1213,-502.3399999999997,0
1214,-1308.172,0
1215,-949.0789999999995,0
1216,-463.89299999999986,0
1217,-821.3019999999979,0
1218,-864.4819999999999,0
1219,-313.0669999999995,0
1220,-1092.280999999999,0
1221,-220.57699999999986,0
1222,-1042.28,0
1223,-527.9980000000002,0
1224,-827.7800000000002,0
1225,-961.0379999999991,0
1226,-423.442,0
1227,-497.43100000000055,0
1228,-548.172,0
1229,-897.8359999999982,0
1230,-1326.6419999999957,0
1231,-790.552,0
1232,-1164.520999999999,0
1233,-638.4849999999999,0
1234,-945.0830000000003,0
1235,-743.163,0
1236,-180.0639999999997,0
1237,-1521.8629999999985,0
1238,-865.7979999999995,0
1239,-1358.1149999999998,0
1240,-952.218,0
1241,-1145.8949999999993,0
1242,-976.7210000000003,0
1243,-898.5649999999993,0
1244,-318.09999999999985,0
1245,-589.805,0
1246,-941.4509999999983,0
1247,-273.2779999999998,0
1248,-898.8809999999992,0
1249,-814.0849999999998,0
1250,-614.16,0
1251,-1127.732,0
1252,-1103.7920000000001,0
1253,-1110.8329999999992,0
1254,-1261.7589999999966,0
1255,-668.7739999999992,0
1256,-1222.542,0
1257,-868.9399999999996,0
1258,-1017.3859999999981,0
1259,-1221.4029999999955,0
1260,-1157.385999999997,0
1261,-1021.8849999999999,0
1262,-1098.521999999999,0
1263,-1074.0389999999986,0
1264,-1128.0829999999992,0
1265,-1279.291999999999,0
1266,-874.7229999999984,0
1267,-1098.1639999999977,0
1268,-1089.7499999999973,0
1269,-1408.7599999999995,0
1270,-1219.7149999999974,0
1271,-1105.8009999999947,0
1272,-941.5709999999988,0
1273,-1314.9639999999981,0
1274,-1055.7429999999986,0
1275,-1179.0639999999987,0
1276,-821.2099999999998,0
1277,-1393.7649999999983,0
1278,-649.2719999999998,0
1279,-1235.7469999999976,0
1280,-787.8699999999997,0
1281,-901.3449999999974,0
1282,-773.8020000000022,0
1283,-968.9679999999993,0
1284,-790.0080000000004,0
1285,-1390.5179999999982,0
1286,-1084.7689999999982,0
1287,-1088.4549999999963,0
1288,-1252.655999999999,0
1289,-1218.4559999999983,0
1290,-809.211,0
1291,-1091.3009999999967,0
1292,-1453.2399999999989,0
1293,-1549.1419999999953,0
1294,-897.7099999999998,0
1295,-618.1730000000006,0
1296,-1129.6720000000003,0
1297,-1017.8379999999996,0
1298,-882.5099999999991,0
1299,-980.3019999999982,0
1300,-911.4010000000001,0
1301,-1043.0689999999981,0
1302,-778.6639999999992,0
1303,-812.8629999999985,0
1304,-1231.2819999999958,0
1305,-894.2809999999979,0
1306,-1209.7959999999985,0
1307,-939.4690000000004,0
1308,-971.9000000000011,0
1309,-1179.3479999999988,0
1310,-1101.944,0
1311,-1162.7149999999997,0
1312,-990.0789999999974,0
1313,-941.9710000000002,0
1314,-757.4379999999987,0
1315,-942.3049999999995,0
1316,-1120.4809999999989,0
1317,-1374.0319999999947,0
1318,-992.4379999999993,0
1319,-915.7619999999993,0
1320,-894.2259999999992,0
1321,-1321.0419999999986,0
1322,-964.3540000000012,0
1323,-885.7720000000019,0
1324,-1529.5279999999957,0
1325,-846.7890000000018,0
1326,-900.6910000000025,0
1327,-680.9450000000003,0
1328,-894.9169999999974,0
1329,-530.632,0
1330,-635.3810000000003,0
1331,-679.4970000000008,0
1332,-783.3850000000009,0
1333,-839.6020000000018,0
1334,-981.0019999999997,0
1335,-854.9360000000005,0
1336,-610.3440000000006,0
1337,-1270.9779999999994,0
1338,-745.8360000000013,0
1339,-1102.5189999999996,0
1340,-483.4189999999998,0
1341,-1027.446000000001,0
1342,-740.6959999999982,0
1343,-194.02000000000024,0
1344,-587.7520000000003,0
1345,-916.5950000000021,0
1346,-29.535999999999238,0
1347,-307.257,0
1348,-842.3170000000018,0
1349,24.354000000000195,0
1350,-527.903,0
1351,144.30599999999987,0
1352,91.20999999999981,0
1353,-350.2479999999996,0
1354,158.55599999999987,0
1355,-719.7770000000004,0
1356,-582.7940000000002,0
1357,-25.24999999999924,0
1358,-422.60699999999963,0
1359,-236.5560000000001,0
1360,-88.84799999999989,0
1361,220.77100000000047,0
1362,-491.24099999999976,0
1363,-462.95999999999964,0
1364,-391.4459999999997,0
1365,-124.08700000000037,0
1366,-308.64099999999956,0
1367,-465.29100000000017,0
1368,-732.2089999999997,0
1369,-293.57099999999997,0
1370,-442.0,0
1371,-151.8579999999999,0
1372,-227.9349999999998,0
1373,-182.60499999999996,0
1374,-929.5359999999991,0
1375,-674.948000000001,0
1376,-91.23400000000022,0
1377,-121.86399999999952,0
1378,-558.8810000000004,0
1379,-287.3379999999997,0
1380,-266.61699999999956,0
1381,-523.3679999999998,0
1382,-399.91400000000016,0
1383,-907.1229999999997,0
1384,-541.9069999999991,0
1385,16.921000000000028,0
1386,-535.5700000000004,0
1387,-137.17099999999996,0
1388,-146.4249999999995,0
1389,-391.4899999999997,0
1390,-878.725,0
1391,-115.83400000000003,0
1392,-704.7040000000004,0
1393,-282.74100000000004,0
1394,-478.0409999999999,0
1395,-475.4990000000004,0
1396,-645.8190000000006,0
1397,-305.54699999999974,0
1398,-833.6509999999987,0
1399,-564.1339999999999,0
1400,-322.8349999999995,0
1401,-815.5779999999992,0
1402,-1261.1439999999998,0
1403,-352.7649999999999,0
1404,-184.40099999999967,0
1405,-1007.6300000000011,0
1406,-1080.9099999999974,0
1407,-776.4650000000015,0
1408,-752.819000000001,0
1409,-526.6790000000001,0
1410,-819.4630000000009,0
1411,-689.2910000000006,0
1412,-530.4829999999996,0
1413,-657.2360000000004,0
1414,-551.1679999999997,0
1415,-754.3810000000005,0
1416,-544.538000000001,0
1417,-752.5420000000012,0
1418,-438.3209999999998,0
1419,-679.5199999999992,0
1420,-507.349,0
1421,-308.8939999999997,0
1422,-590.7970000000001,0
1423,-537.984,0
1424,-1135.0019999999986,0
1425,-748.6080000000003,0
1426,-492.0099999999996,0
1427,-737.8159999999995,0
1428,-1013.7990000000012,0
1429,-860.7639999999982,0
1430,-574.28,0
1431,-717.8699999999998,0
1432,-739.4100000000004,0
1433,-709.3879999999998,0
1434,-855.7339999999989,0
1435,-986.3270000000001,0
1436,-645.8910000000003,0
1437,-366.3869999999997,0
1438,-531.9040000000001,0
1439,-669.585,0
1440,-1079.8299999999988,0
1441,-893.6760000000003,0
1442,-1124.4910000000002,0
1443,-1053.3759999999995,0
1444,-566.9599999999996,0
1445,-801.2929999999992,0
1446,-419.0799999999999,0
1447,-776.6239999999998,0
1448,-669.7760000000012,0
1449,-1027.913999999999,0
1450,-1257.066999999999,0
1451,-769.8440000000012,0
1452,-483.73099999999994,0
1453,-1158.4920000000002,0
1454,-732.6659999999985,0
1455,-694.8590000000006,0
1456,-382.7099999999991,0
1457,-533.396,0
1458,-804.835,0
1459,-848.6179999999997,0
1460,-782.5449999999994,0
1461,-855.816999999999,0
1462,-798.356999999999,0
1463,-966.051999999999,0
1464,-658.0250000000002,0
1465,-429.37499999999983,0
1466,-1304.601999999999,0
1467,-844.5309999999988,0
1468,-909.0219999999979,0
1469,-995.8009999999999,0
1470,-703.9869999999991,0
1471,-618.0909999999993,0
1472,-1191.8290000000002,0
1473,-1042.5990000000002,0
1474,-1204.4789999999978,0
1475,-925.5679999999995,0
1476,-352.73599999999965,0
1477,-1153.5279999999957,0
1478,-1099.1539999999977,0
1479,-755.1290000000002,0
1480,-939.9369999999992,0
1481,-1416.0789999999959,0
1482,-854.3090000000011,0
1483,-883.049999999998,0
1484,-563.614000000001,0
1485,-1101.5479999999982,0
1486,-766.2899999999993,0
1487,-740.673,0
1488,-838.2559999999985,0
1489,-766.787999999998,0
1490,-920.5229999999993,0
1491,-639.002,0
1492,-1098.3670000000002,0
1493,-842.8680000000004,0
1494,-802.414,0
1495,-338.1450000000002,0
1496,-1373.2299999999989,0
1497,-1171.2919999999976,0
1498,-1355.3079999999957,0
1499,-601.2679999999995,0
